date	All_India	South	North	West	East	NorthEast
20130101	36	33	34	38.2	33	46
20130102	36	33	34	38.2	33	46
20130103	36	33	34	38.2	33	46
20130104	36	33	34	38.2	33	46
20130107	36	33	34	38.2	33	46
20130108	36	33	34	38.1	33	46
20130109	36	33	34	38	33	46
20130110	36	33	34.1	38	33	46
20130111	36	33	34.4	38	33	46
20130114	36	33	34.7	38	33	46
20130115	36	33	34.8	38	33	46
20130116	36	33	34.9	38	33	46
20130117	36	33	35.2	38	33	46
20130118	36	33	35.3	38	33	46
20130121	36	33.1	35.4	38	33	46
20130122	36	33.2	35.6	38	33	46
20130123	36.1	33.3	35.8	38.1	33	46
20130124	36.1	33.4	35.6	38.2	33	46
20130128	36.2	33.6	35.7	38.3	33.1	46
20130130	36.2	33.7	35.7	38.4	33.2	46
20130131	36.2	33.8	35.7	38.6	33.3	46
20130201	36.2	33.9	35.4	38.7	33.4	46
20130204	36.3	34	35.6	38.8	33.6	46
20130205	36.3	34	35.6	38.8	33.7	46
20130206	36.3	34	35.6	38.9	33.8	46
20130207	36.2	34	35.3	38.9	33.9	46
20130208	36.3	34	35.6	38.9	34	46
20130211	36.2	34	35.3	38.9	34	46
20130212	36.2	34	35.3	38.9	34	46
20130213	36.2	34	35.3	38.9	34	46
20130214	36.2	34	35.3	38.9	34	46
20130215	36.1	34	35.3	38.9	34	46
20130218	36.1	34	35.3	39	34	46
20130219	36.1	34	35.3	39	34	46
20130220	36.1	34	35.3	39	34	46
20130221	36	34	35.1	39	34	46
20130222	36	34	35.1	39	34	46
20130225	36	34	35.1	39	34	46
20130226	36.1	34	35.2	39	34	46
20130227	36.1	34	35.2	39	34	46
20130228	36.1	34	35.1	39	34	46
20130301	36.1	34	35.1	39	34	46
20130304	36.1	34	35.1	39	34	46
20130305	36.1	34	35.1	39	34	46
20130306	36.1	34	35.2	39	34	46
20130307	36.1	34	35.2	39	34	46
20130308	36.1	34	35.2	39	34	46
20130311	36	34	35.1	39	34	46
20130312	36	34	35.1	38.9	34	46
20130313	36	34	35.1	38.8	34	46
20130314	36	34	35.1	38.7	34	46
20130315	36	34	35.1	38.6	34	46
20130318	36	34	35.1	38.4	34	46
20130319	36	34	35	38.3	34	46
20130320	36	34	35	38.2	34	46
20130321	36	34	35	38.2	34	46
20130322	36	34	35.1	38.1	34	46
20130325	36	34	35.1	38.1	34	46
20130326	36	34	35.1	38.1	34	46
20130328	36	34	35.1	38.1	34	46
20130401	36	34	35.1	38.2	34	46
20130402	36	34	35.1	38.3	34	46
20130403	36	34	35.1	38.3	34	46
20130404	36	34	35.1	38.3	34	46
20130405	36	34	35.1	38.2	34	46
20130408	36	34	35	38.2	34	46
20130409	36	34	35	38.2	34	46
20130410	36	34	35	38.2	34	46
20130411	36	34	35	38.2	34	46
20130412	36	34	35	38.1	34	46
20130415	36	34	35.1	38	34	46
20130416	36	34	35.1	38	34	46
20130417	36	34	35.1	38	34	46
20130418	36	34	35.1	38	34	46
20130422	36	34	35.1	38	34	46
20130423	36	34	35.1	38	34	46
20130425	36	34	35.1	38	34	46
20130426	36	34	35.1	38	34	46
20130429	36	34	35.1	38	34	46
20130430	36	34	35	38.1	34	46
20130501	36	34	35	38.1	34	46
20130502	36	34	35	38.1	34	46
20130503	36	34	35	38.2	34	46
20130506	36	34	35	38.3	34	46
20130507	36	34	35	38.4	34	46
20130508	36.1	34	35.1	38.6	34	46
20130509	36.1	34	35.1	38.7	34	46
20130510	36.1	34	35.1	38.8	34	46
20130513	36.1	34	35.1	38.8	34	46
20130514	36.1	34	35.1	38.8	34	46
20130515	36.1	34	35.1	38.8	34	46
20130516	36.1	34	35.1	38.7	34	46
20130517	36.1	34	35.1	38.7	34	46
20130520	36.1	34	35	38.7	34	46
20130521	36	34	34.9	38.7	34	46
20130522	36	34	34.9	38.7	34	46
20130523	36	34	34.9	38.7	34	46
20130524	36	34	35	38.7	34	46
20130527	36	34	35.1	38.8	34	46
20130528	36	34	35.2	38.9	34	46
20130529	36	34	35.3	39	34	46
20130530	36.1	34	35.4	39	34	46
20130531	36.2	34	35.7	39	34	46
20130603	36.2	34	35.8	39	34	46
20130604	36.2	34	35.8	39	34	46
20130605	36.2	34	35.8	39	34	46
20130607	36.2	34	35.7	39	34	46
20130610	36.2	34	35.6	39	34	46
20130611	36.2	34	35.4	39	34	46
20130612	36.3	34	35.4	39	34	46
20130613	36.2	34	35.3	39	34	46
20130614	36.1	34	35.2	39	34	46
20130617	36.1	34	35.1	39	34	46
20130618	36.1	34	35.1	39	34	46
20130619	36.1	34	35.1	39	34	46
20130620	36.1	34	35.1	39	34	46
20130621	36.2	34	35.2	39	34	46
20130624	36.2	34	35.2	39	34	46
20130625	36.1	34	35.1	39	34	46
20130626	36.2	34	35.2	39	34	46
20130627	36.2	34	35.2	39	34	46
20130628	36.3	34	35.3	39	34	46
20130701	36.4	34	35.4	39	34	46
20130702	36.6	34	35.6	39	34	46
20130703	36.7	34	35.7	39	34	46
20130704	36.7	34	35.6	39	34	46
20130705	36.7	34	35.6	39	34	46
20130708	36.8	34	35.6	39	34	46
20130709	36.8	34	35.4	39.1	34	46
20130710	36.9	34	35.4	39.2	34	46
20130711	36.9	34	35.3	39.2	34	46
20130712	36.9	34	35.2	39.3	34	46
20130715	36.9	34	35.1	39.4	34	46
20130716	36.9	34	35.1	39.4	34	46
20130717	36.9	34	35.2	39.4	34	46
20130718	37	34	35.3	39.4	34	46
20130719	36.9	34	35.3	39.4	34	46
20130722	36.8	34	35.4	39.3	34	46
20130723	36.8	34	35.6	39.2	34	46
20130724	36.8	34	35.7	39.2	34	46
20130725	36.8	34	35.8	39.1	34	46
20130726	36.8	34	35.8	39	34	46
20130729	36.7	34	35.7	39	34	46
20130730	36.6	34	35.6	39	34	46
20130731	36.4	34	35.4	39	34	46
20130801	36.4	34	35.4	39	34	46
20130802	36.4	34	35.3	39	34	46
20130805	36.3	34	35.2	39	34	46.2
20130806	36.3	34	35.1	39	34	46.4
20130807	36.3	34	35	39	34	46.7
20130812	36.3	34	35	39	34	46.9
20130813	36.4	34	35	39	34	47.1
20130814	36.4	34	35	39	34	47.3
20130816	36.6	34	35.1	39	34	47.6
20130819	36.7	34	35.1	39	34	47.8
20130820	36.8	34	35.1	39	34	48
20130821	36.9	34	35.1	39	34	48
20130822	36.9	34	35.1	39	34	48
20130823	36.9	34	35.1	39	34	48
20130826	36.8	34	35.1	39	34	48
20130827	36.7	34	35.1	39	34	48
20130829	36.8	34	35.2	39	34	48
20130830	36.8	34	35.1	39	34	48.1
20130902	36.8	34	35.1	39	34	48.2
20130903	36.8	34	35.1	39	34	48.3
20130904	36.8	34	35.1	39	34	48.4
20130905	36.8	34	35.1	39	34	48.6
20130906	36.8	34	35.1	39	34	48.7
20130909	36.9	34	35.2	39	34	48.8
20130910	37	34	35.2	39	34	48.9
20130911	37	34	35.1	39	34	49
20130912	37	34	35.1	39	34	49
20130913	37	34	35.1	39	34	49
20130916	37	34	35.1	39	34	49
20130917	37	34	35.1	39	34	49.1
20130918	37	34	35.1	39	34	49.2
20130919	37	34	35.1	39	34	49.3
20130920	37	34	35	39	34	49.4
20130923	37	34	35	39	34	49.6
20130924	37	34	35	39	34	49.6
20130925	37	34	35	39	34	49.6
20130926	37	34	35	39	34	49.6
20130927	37	34	35	39	34	49.6
20130930	37	34	35	39	34	49.4
20131001	37	34	35	39	34	49.3
20131003	37	34	35	39	34	49.2
20131004	37	34	35	39	34	49.1
20131007	37	34	35.1	39	34	49
20131008	37	34	35.1	39	34	49
20131009	37	34	35.1	39	34	49
20131010	37	34	35.1	39	34	49
20131011	37	34	35.1	39	34	49
20131014	37	34	35.1	39	34	49
20131015	37	34	35.1	39	34	49
20131017	37	34	35.1	39	34	49
20131018	37	34	35.1	39	34	49
20131021	37	34	35	39	34	49
20131023	37	34	35	39	34	49
20131024	37	34	35	39.1	34	49
20131025	37	34	35	39.2	34	49
20131028	37	34	35.1	39.3	34	49
20131029	37	34	35.2	39.4	34	49
20131030	37	34	35.3	39.6	34	49
20131031	37	34	35.3	39.6	34	49
20131101	37	34	35.3	39.6	34	49
20131104	37	34	35.3	39.6	34	49
20131105	37	34	35.4	39.7	34	49
20131106	37	34	35.6	39.7	34	49
20131107	37	34	35.6	39.7	34	49
20131108	37	34	35.6	39.7	34	49
20131112	37	34	35.6	39.7	34	49
20131113	37	34	35.6	39.7	34	49
20131114	37	34	35.6	39.8	34	49.1
20131118	37	34	35.6	39.9	34	49.2
20131119	37	34	35.6	40	34	49.3
20131120	37	34	35.4	40	34	49.4
20131121	37	34	35.3	40	34	49.6
20131122	37	34	35.3	40	34	49.7
20131125	37	34	35.2	40	34	49.8
20131126	37	34	35.1	40	34	49.9
20131127	37	34	35.1	40	34	50
20131128	37	34	35.2	40	34	50
20131129	37	34	35.3	40	34	50
20131202	37	34	35.4	39.9	34	50
20131203	37	34	35.6	39.9	34	50
20131205	37	34	35.7	39.9	34	50
20131206	37	34	35.8	39.9	34	49.9
20131209	37	34	35.9	39.9	34	49.8
20131210	37	34	36	39.9	34	49.7
20131211	37	34	36	39.9	34	49.6
20131212	37	34	36	39.9	34	49.4
20131213	37	34	36	39.9	34	49.3
20131216	37	34	36	40	34	49.2
20131217	37	34	36	40	34	49.1
20131218	37	34	35.9	40	34	49
20131219	37	34	35.8	40	34	49
20131220	37	34	35.7	40	34	49
20131223	37	34	35.7	40	34	49
20131224	37	34	35.7	40	34	49
20131226	37	34	35.7	40	34	49
20131227	37	34	35.7	40	34	49
20131230	37	34	35.7	40	34	49
20131231	37	34	35.7	40	34	49
20140101	37	34	35.8	40	34	49
20140102	37	34	35.8	40	34	49
20140103	37	34	35.9	40	34	49
20140106	37	34	35.9	40	34	49
20140107	37	34	35.9	40	34	49
20140108	37	34	35.9	40	34	49
20140109	37	34	35.8	40	34	49
20140110	37	34	35.8	40	34	49
20140113	37	34	35.8	40	34	49
20140115	37	34	35.8	40	34	49
20140116	37	34	35.9	40	34	49
20140117	37	34	35.9	40	34	49
20140120	37	34	35.9	40	34	49
20140121	37	34	35.8	40	34	49
20140122	37	34	35.7	40	34	49
20140123	37	34	35.7	40	34	49
20140124	37	34	35.7	40	34	49
20140127	37	34	35.7	39.9	34	49
20140128	37	34	35.7	39.8	34	49
20140130	37	34	35.7	39.7	34	49
20140131	37	34	35.7	39.6	34	49
20140203	37	34	35.7	39.4	34	49
20140204	37	34	35.8	39.3	34	49
20140205	37	34	35.9	39.2	34	49
20140206	37	34	36	39.1	34	49
20140207	37	34	36	39	34	49
20140210	37	34	36	39	34	49
20140212	37	34	35.9	39	34	49
20140213	37	34	35.8	39	34	49
20140214	37	34	35.7	39	34.1	49
20140217	37	34	35.6	39	34.2	49
20140218	37	34	35.6	39	34.3	49
20140219	37	34	35.6	39	34.4	49
20140220	37	34	35.4	39	34.6	49
20140221	37	34	35.3	39	34.7	49
20140224	37	34	35.3	39	34.7	49
20140225	37	34	35.4	39	34.8	49
20140226	37	34.1	35.6	39	34.9	49
20140227	37	34.2	35.7	39	34.9	49
20140228	37	34.3	35.8	39	34.9	48.8
20140303	37	34.4	35.8	39	34.9	48.6
20140304	37	34.6	35.8	39	34.9	48.3
20140305	37	34.7	35.9	39	34.9	48.1
20140306	37	34.8	35.8	39	34.9	47.9
20140307	37	34.9	35.7	39	35	47.7
20140310	37	35	35.6	39	35	47.4
20140311	37	35	35.4	39	35	47.2
20140312	37	35	35.3	39	35	47
20140313	37	35	35.2	39	35	47
20140314	37	35	35.3	39	35	47
20140318	37	35	35.3	39	35	47
20140319	37	35	35.2	39	35	47
20140320	37	35	35.3	39.1	35	47
20140321	37	35	35.3	39.2	35	47
20140324	37	35	35.4	39.3	35	47
20140326	37	35	35.4	39.4	35	47
20140327	37	35	35.4	39.6	35	47
20140328	37	35	35.4	39.7	35	47
20140331	37	35	35.3	39.8	35	47
20140401	37	35	35.3	39.9	35	47
20140402	37	35	35.3	40	35	47
20140403	37	35	35.3	40	35	47
20140404	37	35	35.4	40	35	47
20140407	37	35	35.3	40	35	47
20140409	37	35	35.3	40	35	47
20140411	37	35	35.3	40	35	47
20140415	37	35	35.3	40	35	47
20140416	37	35	35.2	40	35	47
20140417	37	35	35.1	40	35	47
20140421	37	35	35.1	40	35	47
20140422	37	35	35.1	40	35	47
20140423	37	35	35	40	35	47
20140424	37	35	35.1	40	35	47
20140425	37	35	35.2	40	35	47
20140428	37	35	35.3	40	35	47
20140429	37	35	35.4	40	35	47
20140430	37	35	35.6	40	35	47
20140501	37.1	35	35.8	40	35	47
20140502	37.1	35	35.8	40	35	47
20140505	37.1	35	35.8	40	35	47
20140506	37.1	35	35.8	40	35	47
20140507	37.1	35	35.8	40	35	47
20140508	37.1	35	35.7	40	35	47
20140509	37.1	35	35.6	40	35	47
20140512	37.1	35	35.4	40	35	47
20140513	37.1	35	35.3	40	35	47
20140515	37	35	35.1	40	35	47
20140516	37	35	35.1	40	35	47
20140519	37	35	35.1	40	35	47
20140520	37	35	35.2	40	35	47
20140521	37	35	35.2	40	35	47
20140522	37.1	35	35.3	40	35	47
20140523	37.1	35	35.3	40	35	47
20140526	37.1	35	35.3	40	35	47
20140527	37.1	35	35.3	40	35	47
20140528	37.1	35	35.3	40	35	47
20140529	37.1	35	35.3	40	35	47
20140530	37.1	35	35.3	40	35	47
20140602	37.1	35	35.2	40	35	47
20140603	37.1	35	35.1	40	35	47
20140604	37	35	35	40	35	47
20140605	37	35	35	40	35	47
20140606	37	35	35	40	35	47
20140609	37	35	35.1	40	35	47
20140610	37	35	35.1	40	35	47
20140611	37	35	35.1	40	35	47
20140612	37	35	35.1	40	35	47
20140613	37.1	35	35.3	40	35	47
20140616	37.1	35	35.3	40	35	47
20140617	37.1	35	35.3	40	35	47
20140618	37.1	35	35.3	40	35	47
20140619	37.1	35	35.3	40	35	47
20140620	37.1	35	35.3	40	35	47
20140623	37.1	35	35.4	40	35	47
20140624	37.1	35	35.6	40	35	47
20140625	37.1	35	35.7	40	35	47
20140626	37	35	35.6	40	35	47
20140627	37	35	35.7	40	35	47
20140630	37.1	35	35.9	40.1	35	47
20140701	37.2	35	36	40.1	35	47
20140702	37.3	35	36.1	40.1	35	47
20140703	37.4	35	36.1	40.1	35	47
20140704	37.4	35	36.1	40.1	35	47
20140707	37.6	35	36.1	40.1	35	47
20140708	37.6	35	36.1	40.1	35	47
20140709	37.6	35	36.1	40.1	35	47
20140710	37.6	35	36.1	40.1	35	47
20140711	37.4	35	36	40	35	47
20140714	37.3	35	36	40	35	47
20140715	37.2	35	36	40	35	47
20140716	37.2	35	36.1	40	35	47
20140717	37.2	35	36.1	40	35	47
20140718	37.1	35	36.1	40	35	47
20140721	37.2	35	36.2	40	35	47
20140722	37.3	35	36.2	40	35	47
20140723	37.4	35	36.3	40	35	47
20140724	37.6	35	36.3	40	35	47
20140725	37.7	35	36.3	40	35	47
20140728	37.8	35	36.3	40	35	47.1
20140730	37.8	35	36.2	40	35	47.2
20140731	37.9	35	36.2	40	35	47.3
20140801	38	35	36.2	40	35	47.4
20140804	38	35	36.1	40	35.1	47.6
20140805	38	35	36.1	40	35.2	47.7
20140806	38	35	36	40	35.3	47.8
20140807	38	35	36	40	35.4	47.9
20140808	38	35	36	40	35.6	48
20140811	38	35	36	40.1	35.7	48
20140812	38	35	36	40.2	35.8	48
20140813	38	35	36	40.3	35.9	48
20140814	38	35	36	40.4	36	48
20140819	38	35	36	40.4	36	48
20140820	38	35	36	40.4	36	48
20140821	38	35	36	40.4	36	48
20140822	38	35	36	40.4	36	48
20140825	38	35	36	40.4	36	48
20140826	38	35	36	40.3	36	48
20140827	38	35	36	40.2	36	48
20140828	38	35	36	40.1	36	48
20140829	38	35	36	40	36	48
20140901	38	35	36.1	40	36	48
20140902	38	35	36.2	40	36	48
20140904	38	35	36.2	40	36	48
20140905	38	35	36.2	40	36	48
20140908	38	35	36.3	40	36	48
20140909	38	35	36.3	40	36	48
20140910	38	35	36.3	40	36	48
20140911	38	35	36.3	40	36	48
20140912	38	35	36.3	40	36	48
20140915	38	35	36.2	40	36	48
20140916	38	35	36.1	40	36	48
20140917	38	35	36.1	40	36	48
20140918	38	35	36.1	40	36	48
20140919	38	35	36	40	36	48
20140922	38	35	36.2	40	36	48
20140923	38	35	36.2	40	36	48
20140924	38	35	36.2	40	36	48
20140925	38	35	36.4	40	36	48
20140926	38	35	36.7	40.1	36	48
20140929	38	35	36.9	40.2	36	48
20140930	38	35	36.8	40.3	36	48
20141007	38	35	36.7	40.4	36	48
20141008	38	35	36.6	40.6	36	48
20141009	38	35	36.4	40.7	36	48
20141010	38	35	36.3	40.8	36	48
20141013	38	35	36.2	40.8	36	48
20141014	38	35	35.9	40.8	36	48
20141015	38	35	35.6	40.7	36	48
20141016	38	35	35.6	40.6	36	48
20141017	38	35	35.8	40.4	36	48
20141020	37.9	35	35.8	40.3	36	48
20141021	37.9	35	35.8	40.2	36	48
20141022	37.9	35	35.9	40.1	36	48
20141024	37.8	35	35.9	40	36	48
20141027	37.8	35.2	35.9	40	36	48
20141028	37.8	35.4	35.9	40	36	48
20141029	37.9	35.7	36.2	40	36	48
20141031	37.9	35.9	35.9	40	36	48
20141103	37.9	36.1	35.7	40	36	48
20141105	38	36.3	35.7	40	36	48
20141107	38	36.6	35.7	40	36	48
20141110	38	36.8	35.3	40	36	48
20141111	38.1	37	35.3	40	36	48
20141112	38.1	37	35.3	40	36	48
20141113	38.1	37	35.3	40	36	48
20141114	38	37	35	40	36	48
20141117	38	37	35	40	36	48
20141118	38	37	35.1	40	36	48
20141119	38	37	35.1	40	36	48
20141120	38	37	35.1	40	36	48
20141121	38	37	35.3	40	36	48
20141124	38	37	35.3	40	36	48
20141125	38	37	35.3	40	36	48
20141126	38	37	35.3	40	36	48
20141127	38	37	35.3	40	36	48
20141128	38	37	35.3	40	36	48
20141201	38	37	35.2	40	36	48
20141202	38	37	35.2	40	36	48
20141203	38	37	35.2	40	36	48
20141204	38	37	35	40	36	48
20141205	38	37	35	40	36	48
20141208	38	37	35	40	36	48
20141209	38	37	35	40	36	48
20141210	38	37	35	40	36	48
20141211	38	37	35	40	36	48
20141212	38	37	35	40	36	48
20141215	38	37	35	40	36	48
20141216	38	37	35	40	36	48
20141217	38	37	35	40	36	48
20141218	38	37	35	40	36	48
20141219	38	37	35.1	40	36	48
20141222	38	37	35.1	40	36	48
20141223	38	37	35	40	36	48
20141224	38	37	34.9	40	36	48
20141226	38	37	34.8	40	36	48
20141229	38	37	34.7	40	36	48
20141230	38	37	34.8	40	36	48
20141231	38	37	34.7	40	36	48
20150101	38	37	34.6	40	36	48
20150102	38	37	34.3	40	36	48
20150105	38	37	34.2	40	36	48
20150106	38	37	34.2	40	36	48
20150107	38	37	34.2	40	36	48
20150108	38	37	34.2	40	36	48
20150109	38	37	34.2	40	36	48
20150112	38	37	34	40	36	48
20150113	38	37	34	40	36	48
20150114	38	37	34	40	36	48
20150115	38	37	34	40	36	48
20150116	38	37	34	40	36	48
20150119	38	37	34	40	36	48
20150120	38	37	34	40	36	48
20150121	38	37	34	40	36	48
20150122	38	37	34	40	36	48
20150123	38	37	34	40	36	48
20150127	38	37	34.2	40	36	48
20150128	38	37	34.2	40	36	48
20150130	38	37	34.2	40	36	48
20150202	38	37	34.2	40	36	48
20150203	38	37	34.2	40	36	48
20150204	38	37	34.2	40	36	48
20150205	38	37	34.2	40	36	48
20150206	38	37	34.2	40	36	48
20150209	38	37	34.2	40	36	48
20150210	38	37	34	40	36	48
20150211	38	37	34	40	36	48
20150212	38	37	34	40	36	48
20150213	38	37	34	40	36	48
20150216	38	37	34	40	36	48
20150217	38	37	34	40	36	48
20150218	38	37	34	40	36	48
20150219	38	37	34	40	36	48
20150220	38	37	34	40	36	48
20150224	38	37	34	40	36	48
20150225	38	37	34	40	36	48
20150226	38	37	34	40	36	48
20150227	38	37	34.2	40	36	48
20150302	38	37	34.2	40	36	48
20150303	38	37	34.2	40	36	48
20150304	38	37	34.2	40	36	48
20150305	38	37	34.2	40	36	48
20150309	38	37	34.2	40	36	48
20150310	38	37	34.2	40	36	48
20150311	38	37	34.2	40	36	48
20150312	38	37	34.2	40	36	48
20150313	38	37	34	40	36	48
20150316	38	37	34	40	36	48
20150317	38	37	34	40	36	48
20150318	38	37	34	40	36	48
20150319	38.1	37	34.4	40	36	48
20150320	38.1	37	34.4	40	36	48
20150323	38.1	37	34.4	40	36	48
20150324	38.1	37	34.4	40	36	48
20150325	38.1	37	34.4	40	36	48
20150326	38.1	37	34.4	40	36	48
20150327	38.2	37	34.9	40	36	48
20150330	38.2	37	34.8	40	36	48
20150331	38.3	37	35.2	40	36	48
20150401	38.2	37	34.8	40	36	48
20150406	38.2	37	34.8	40	36	48
20150407	38.2	37	34.8	40	36	48
20150408	38.2	37	34.8	40	36	48
20150409	38.2	37	34.8	40	36	48
20150410	38.2	37	34.8	40	36	48
20150413	38.1	37	34.4	40	36	48
20150415	38.1	37	34.6	40	36	48
20150416	38	37	34.1	40	36	48
20150417	38	37	34.1	40	36	48
20150420	38	37	34.1	40	36	48
20150421	38	37	34.1	40	36	48
20150422	38.1	37	34.7	40	36	48
20150423	38.2	37	35.2	40	36	48
20150424	38.3	37	35.8	40	36	48
20150427	38.4	37	36.2	40	36	48
20150428	38.6	37	36.8	40	36	48
20150429	38.7	37	37.3	40	36	48
20150430	38.8	37	37.9	40	36	48
20150501	38.9	37	38.4	40	36	48
20150505	39	37	39	40	36	48
20150506	39	37	39	40	36	48
20150507	39	37	39	40	36	48
20150508	39	37	39	40.1	36	48
20150511	39	37	39	40.2	36	48
20150512	38.9	37	38.7	40.3	36	48
20150513	38.9	37	38.6	40.4	36	48
20150514	38.8	37	38.1	40.6	36	48
20150515	38.8	37	38.1	40.7	36	48
20150518	38.7	37	37.6	40.8	36	48
20150519	38.7	37	37.6	40.9	36	48
20150520	38.7	37	37.6	41	36	48
20150521	38.7	37	37.6	41	36	48
20150522	38.7	37	37.6	41	36	48
20150525	38.8	37	37.9	41	36	48
20150526	38.7	37	37.6	41	36	48
20150527	38.7	37	37.3	41	36	48
20150528	38.6	37	36.7	41	36	48
20150529	38.7	37	37.2	41	36	48
20150601	38.7	37	37.2	41	36	48
20150602	38.7	37	37.2	41	36	48
20150603	38.7	37	37.2	41	36	48
20150604	38.7	37	37.2	41	36	48
20150605	38.7	37	37.2	41	36	48
20150608	38.8	37	37.7	41	36	48
20150609	38.9	37	38.3	41	36	48
20150610	39	37	39	41	36	48
20150611	39	37	39	41	36	48.1
20150612	39	37	39	41	36	48.2
20150615	38.9	37	38.3	41	36	48.3
20150616	38.9	37	38.2	41	36	48.4
20150617	38.9	37	38.2	41	36	48.6
20150618	38.9	37	38.2	41	36	48.7
20150619	38.9	37	38.2	41	36	48.8
20150622	38.9	37	38.2	41	36	48.9
20150623	38.9	37	38.2	41	36	49
20150624	38.9	37	38.2	41	36	49
20150625	38.9	37	38.2	41	36	49
20150626	39	37	38.9	41	36	49
20150629	39	37	39	41	36	49
20150630	39	37	39	41	36	49
20150701	39	37	39	41	36	49
20150702	39	37	39	41	36	49
20150703	39	37	39	41	36	49
20150706	39	37	39	41	36	49
20150707	39	37	39	41	36	49
20150708	39	37	39	41	36	49
20150709	38.9	37	38.3	41	36	49
20150710	38.9	37	38.3	41	36	49
20150713	38.8	37	37.9	41	36	49
20150714	38.8	37	37.9	41	36	49
20150715	38.8	37	37.9	41	36	49
20150716	38.8	37	37.9	41	36	49
20150717	38.8	37	37.9	41	36	49
20150720	38.8	37	37.9	41	36	49
20150721	38.8	37	37.9	41	36	49
20150722	38.9	37	38.6	41	36	49
20150723	38.9	37	38.6	41	36	49
20150724	39	37	39	41	36	49
20150727	39	37	39	41	36	49
20150728	39	37	39	41	36	49
20150729	39	37	39	41	36	49
20150730	39	37	39	41	36	49
20150731	39	37	39	41	36	49
20150803	39	37	39	41	36	49
20150804	39	37	39	41	36	49
20150805	39	37	39	41	36	49
20150806	39	37	39	41	36	49
20150807	39	37	39	41	36	49
20150810	39	37	39	41	36	49
20150811	39	37	39	41	36	49
20150812	39	37	39	41	36	49
20150813	39	37	39	41	36	49
20150814	39	37	39	41	36	49
20150817	39	37	39	41	36	49
20150818	39	37	39	41	36	49
20150819	39	37	39	41	36	49
20150820	39	37	39	41	36	49
20150821	39	37	39	41	36	49
20150824	39	37	39	41	36	49
20150825	39	37	39	41	36	49
20150826	39	37	39	41	36	49
20150827	39	37	39	41	36	49
20150828	39	37	39	41	36	49
20150831	39	37	39	41	36	49
20150901	39	37	39	41	36	49
20150902	39	37	39	41	36	49
20150903	39	37	39	41	36	49
20150904	39	37	39	41	36	49
20150907	39	37	39	41	36	49
20150908	39	37	39	41	36	49
20150909	39	37	39	41	36	49
20150910	39	37	39	41	36	49
20150911	38.9	37	38.7	41	36	49
20150914	38.9	37	38.7	41	36	49
20150915	38.9	37	38.7	41	36	49
20150916	38.9	37	38.7	41	36	49
20150917	38.9	37	38.7	41	36	49
20150918	38.9	37	38.7	41	36	49
20150921	38.9	37	38.7	41	36	49
20150922	38.9	37	38.7	41	36	49
20150923	38.9	37	38.7	41	36	49
20150928	39	37	39	41	36	49
20150929	39	37	39	41	36	49
20150930	39	37	39	41	36	49
20151006	39	37	39	41	36	49
20151007	38.9	37	38.6	41	36	49
20151008	38.7	37	37.8	41	36	49
20151009	38.6	37	37	41	36	49
20151012	38.4	37	36.3	41	36	49
20151013	38.3	37	35.7	41	36	49
20151014	38.3	37	35.7	41	36	49
20151015	38.3	37	35.7	41	36	49
20151016	38.3	37	35.7	41	36	49
20151019	38.3	37	35.8	41	36	49
20151020	38.3	37	35.9	41	36	49
20151021	38.4	37	36	41	36	49
20151023	38.4	37	36.2	41	36	49
20151026	38.4	37	36.6	41	36	49
20151027	38.4	37	36.9	41	36	49
20151028	38.3	37	36.6	41	36	49
20151029	38.2	37	36	41	36	49
20151030	38.1	37	35.3	41	36	49
20151031	38	37	34.6	41	36	49
20151101	38	37	34.2	41	36	49
20151102	38	37	34.2	41	36	49
20151103	38	37	34.2	41	36	49
20151104	38	37	34	41	36	49
20151105	38	37	33.7	41	36	49
20151106	38.1	37	34	41	36	49
20151107	38.2	37	34.4	41	36	49
20151108	38.3	37	35	41	36	49
20151109	38.4	37	35.6	41	36	49
20151110	38.6	37	36	41	36	49
20151111	38.7	37	36.7	41	36	49
20151112	38.8	37	37.3	41	36	49
20151113	38.8	37	37.6	41	36	49
20151114	38.9	37	38.3	41	36	49
20151115	38.9	37	38.4	41	36	49
20151116	38.9	37	38.7	41	36	49
20151117	38.8	37	38.4	41	36	49
20151118	38.8	37	38.3	41	36	49
20151119	38.8	37	38.7	41	36	49
20151120	38.7	37	38	41	36	49
20151121	38.7	37	37.6	41	36	49
20151122	38.8	37	38	41	36	49
20151123	38.8	37	38	41	36	49
20151124	38.8	37	37.7	41	36	49
20151125	38.8	37	37.3	41	36	49
20151126	38.9	37	37.8	41	36	49
20151127	38.8	37	37.3	41	36	49
20151128	38.7	37	36.6	41	36	49
20151129	38.8	37	37.3	41	36	49
20151130	38.6	37	37	41	36	48.6
20151201	38.3	37	36.2	41	36	47.8
20151202	38.1	36.9	35.4	41	36	46.7
20151203	37.7	36.1	35	41	36	45.3
20151204	37.6	36.1	34.6	41	36	45.3
20151205	37.4	36.1	33.8	41	36	45.3
20151206	37.6	36.1	34.6	41	36	45.3
20151207	37.2	35.4	34.6	41	36	44
20151208	37.1	35.3	34	41	36	44.1
20151209	37.2	35.2	34.3	41	36	44.7
20151210	37.3	35.2	34.3	41	36	45.8
20151211	37.4	35.3	34.3	41	36	47.2
20151212	37.9	36.1	34.9	41	36	48.9
20151213	38.1	36.1	35.8	41	36	49.2
20151214	38.1	36.1	35.8	41	36	49.2
20151215	38.1	36.1	35.6	41	36	49.2
20151216	38.6	36.8	36.1	41	36	50.6
20151217	38.8	36.9	36.7	41	36	50.4
20151218	38.6	36.3	36.3	41	36	49.4
20151219	38.6	36.3	36.3	41	36	49.4
20151220	38.7	36.3	36.8	41	36	49.4
20151221	38.6	36.3	36.3	41	36	49.4
20151222	38.3	36.3	35.6	41	36	49.4
20151223	38.4	36.3	36	41	36	49.8
20151224	38.3	36.3	35.4	41	36	50.1
20151225	38.2	36.3	34.9	41	36	50.4
20151226	38	36.3	34.1	41	36	50.8
20151227	38.2	37	34.1	41	36	52
20151228	38.2	37	34.2	41	36	52
20151229	38.2	37	34.2	41	36	52
20151230	38.2	37	34.2	41	36	52
20151231	38.2	37	34.2	41	36	52
20160101	38.3	37.1	34.7	41	36	52
20160102	38.3	37.2	34.8	41	36	52
20160103	38.6	37.3	35.7	41	36	52
20160104	38.6	37.4	35.8	41	36	52
20160105	38.6	37.6	35.9	41	36	52
20160106	38.6	37.7	35.9	41	36	52
20160107	38.4	37.8	35.6	41	36	52
20160108	38.4	37.9	35.6	41	36	52
20160109	38.7	38	36.3	41	36	52
20160110	38.7	38	36.3	41	36	52
20160111	38.7	38	36.3	41	36	52
20160112	38.6	38	36	41	36	52
20160113	38.7	38	36.4	41	36	52
20160114	38.9	38	37.2	41	36	52
20160115	38.9	38	37.2	41	36	52
20160116	38.9	38	37.2	41	36	52
20160117	38.9	38	37.2	40.9	36	52
20160118	38.7	38	36.4	40.8	36	52
20160119	38.6	38	36	40.7	36	52
20160120	38.6	38	36.1	40.6	36	52
20160121	38.4	38	35.8	40.4	36	52
20160122	38.6	38	35.9	40.3	36	52
20160123	38.6	38	35.9	40.2	36	52
20160124	38.8	38	36.7	40.1	36	52
20160125	39	38	37.4	40	36	52
20160126	39.2	38	38.2	40	36	52
20160127	39.4	38	39	40	36	52
20160128	39.6	38	39.4	40	36	52
20160129	39.8	38	40.1	40	36	52
20160130	40	38	40.8	40	36	52
20160131	40	38	41	40	36	52
20160201	39.8	37.6	41	40	36	51
20160202	39.8	37.6	40.8	40	36	51
20160203	39.8	37.6	40.8	40	36	51
20160204	39.8	37.6	40.8	40	36	51
20160205	39.8	37.6	40.8	40	36	51
20160206	39.8	37.6	40.8	40	36	51
20160207	39.6	37.1	40.8	40	36	49.9
20160208	39.6	37.1	40.8	40	36	49.9
20160209	39.6	37.1	40.8	40	36	49.9
20160210	39.8	37.6	40.8	40	36	50.9
20160211	39.8	37.6	41	40	36	50.9
20160212	39.8	37.6	41	40	36	50.9
20160213	39.7	37.6	40.3	40	36	50.9
20160214	39.6	37.6	39.7	40	36	50.9
20160215	39.4	37.6	39	40	36	50.9
20160216	39.6	38	38.4	40	36	52
20160217	39.4	38	38.1	40	36	52
20160218	39.4	38	38	40	36	52
20160219	39.3	38	37.3	40	36	52
20160220	39.2	38	36.7	40	36	52
20160221	39.1	38	36	40	36	52
20160222	39.1	38	36	40	36	52
20160223	39.2	38	36.7	40	36	52
20160224	39.2	38	36.9	40	36	52
20160225	39.2	38	36.8	40	36	52
20160226	39.2	38	36.4	40	36	52
20160227	39.1	38	35.9	40	36	52
20160228	39.1	38	35.9	40	36	52
20160301	39.2	38	36.3	40	36	52
20160302	39.3	38	36.8	40	36	52
20160303	39.4	38	37.2	40	36	52
20160304	39.4	38	37.2	40	36	52
20160305	39.4	38	37	40	36	52
20160306	39.4	38	37	40	36	52
20160307	39.4	38	37.1	40	36	52
20160308	39.6	38	37.6	40	36	52
20160309	39.6	38	37.8	40	36	52
20160310	39.6	38	38	40	36	52
20160311	39.4	38	37.7	40	36	52
20160312	39.4	38	38	40	36	52
20160313	39.3	38	37.4	40	36	52
20160314	39.4	38	38.1	40	36	52
20160315	39.6	38	38.8	40	36	52
20160316	39.7	38	39.1	40	36	52
20160317	39.7	38	39.3	40	36	52
20160318	39.8	38	39.8	40	36	52
20160319	39.8	38	39.6	40	36	52
20160320	39.9	38	39.9	40	36	52
20160321	39.9	38	39.6	40	36	52
20160322	39.9	38	39.8	40	36	52
20160323	39.9	38	39.6	40	36	52
20160324	39.8	38	39	40	36	52
20160325	39.7	38	38.7	40	36	52
20160326	39.7	38	38.7	40	36	52
20160327	39.6	38	38.1	40	36	52
20160328	39.6	38	38.1	40	36	52
20160329	39.4	38	37.9	40	36	52
20160330	39.3	38	37.7	40	36	52
20160401	39.4	38	37.8	40	36	52
20160402	39.3	38	37.6	40	36	52
20160403	39.3	38	37.7	40	36	52
20160404	39.4	38	38	40	36	52
20160405	39.4	38	37.8	40	36	52
20160406	39.4	38	38	40	36	52
20160407	39.3	38	37.8	40	36	52
20160408	39.3	38.1	37.8	40	36	52
20160409	39.4	38.2	38.2	40	36	52
20160410	39.4	38.3	38.3	40	36	52
20160411	39.6	38.4	38.6	40	36	52
20160412	39.7	38.6	38.9	40	36	52
20160413	39.7	38.7	39	40	36	52
20160414	39.6	38.8	38.9	40	36	52
20160415	39.7	38.8	39	40	36	52
20160416	39.8	38.8	39.4	40	36	52
20160417	39.9	38.8	39.8	40	36	52
20160418	39.9	38.8	39.4	40	36	52
20160419	39.9	38.8	39.6	40	36	52
20160420	39.9	38.8	39.6	40	36	52
20160421	39.9	38.8	39.6	40	36	52
20160422	39.9	38.8	39.3	40	36	52
20160423	40	38.8	39.4	40	36	52
20160424	40	38.8	39.4	40.1	36	52
20160425	40	38.8	39.2	40.2	36	52
20160426	40	38.7	39.1	40.3	36	52
20160427	40	38.6	39.2	40.4	36	52
20160428	40	38.4	38.9	40.6	36	52
20160429	40	38.3	39.1	40.7	36	52
20160430	40	38.2	39	40.8	36	52
20160501	40.1	38.1	39.4	40.9	36	52
20160502	40.1	38	39.4	41	36	52
20160503	40.1	38	39.4	41	36	51.7
20160504	40	38	39.3	41	36	51.3
20160505	39.9	38	39.2	41	36	51
20160506	39.9	38	39.2	41	36	50.7
20160507	39.9	38	39.3	41	36	50.3
20160508	39.9	38	39.1	41	36	50
20160509	39.9	38	39.1	41	36	49.7
20160510	39.8	38	38.8	41	36	49.3
20160511	39.8	38	38.8	41	36	49
20160512	39.7	38	38.8	41	36	49
20160513	39.8	38	38.9	41	36	49
20160514	39.9	38	39	41	36	49
20160515	39.9	38	39	41	36	49
20160516	39.9	38	39	41	36	49
20160517	39.9	38	39.3	41	36	49
20160518	39.9	38	39.7	41	36	49
20160519	39.9	38	39.7	41	36	49
20160520	39.9	38	39.7	41	36	49
20160521	40	38	39.7	41	36	49
20160522	40	38	39.7	41	36	49
20160523	40	38	39.7	41	36	49
20160524	40	38	39.7	41	36	49
20160525	40	38	39.7	41	36	49
20160526	40	38	39.3	41	36	49
20160527	40	38	39	41	36	49
20160528	40	38	39	41	36	49
20160529	40	38	39	41	36	49
20160530	40	38	39	41	36.1	49
20160531	40	38	39	40.9	36.2	49
20160601	40	38	39	40.9	36.3	49
20160602	40	38	39	40.9	36.4	49
20160603	40	38	39	40.9	36.6	49
20160604	40	38	39	40.9	36.7	49
20160605	40	38	39	40.9	36.8	49
20160606	40	38	39	40.9	36.9	49
20160607	40.1	38.1	39.3	40.9	37	49
20160608	40.1	38.2	39.3	40.9	37	49
20160609	40.1	38.3	39.3	41	37	49
20160610	40.1	38.4	39.3	41	37	49
20160611	40.1	38.6	39.3	41	37	49
20160612	40.1	38.7	39.3	41	37	49
20160613	40.1	38.8	39.3	41	37	49.1
20160614	40.2	38.9	39.7	41	37	49.2
20160615	40.2	39	39.7	41	37	49.3
20160616	40.2	39	39.7	41	37	49.4
20160617	40.2	39	40	41	37	49.6
20160618	40.2	39	40	41	37	49.7
20160619	40.2	39	40.1	40.8	37.3	49.8
20160620	40.2	39	40.2	40.6	37.7	49.9
20160621	40.3	39	40.6	40.6	37.7	50
20160622	40.3	39	40.6	40.4	37.8	50
20160623	40.3	39	40.6	40.2	38.1	50
20160624	40.3	39	40.7	40	38.4	49.9
20160625	40.2	39	40.4	39.8	38.8	49.8
20160626	40.2	39	40.1	39.6	39.1	49.8
20160627	40.3	39	40.4	39.6	39	49.8
20160628	40.4	39	40.7	39.7	38.7	49.8
20160629	40.4	39	40.7	39.8	38.4	49.8
20160630	40.3	39	40.4	39.6	38.8	49.8
20160701	40.3	39.1	40.6	39.4	39	49.1
20160702	40.3	39.1	40.7	39.7	38.8	48.9
20160703	40.4	39	40.8	39.9	38.7	48.8
20160704	40.4	38.9	40.8	40	38.7	48.7
20160705	40.6	38.8	41.1	40.2	38.4	48.4
20160706	40.6	38.7	41.1	40.1	38.8	48.2
20160707	40.4	38.7	40.9	40	39.1	48
20160708	40.4	38.7	40.9	40.1	39	47.8
20160709	40.4	38.8	40.9	40.1	39	47.3
20160710	40.4	38.7	40.9	40.3	38.7	47.8
20160711	40.3	38.8	40.6	40.3	38.6	47.3
20160712	40.2	38.9	40.4	40.2	38.3	47.1
20160713	40.2	39	40.4	40.2	38.1	46.9
20160714	40.1	39.2	40.2	40	38.3	46.4
20160715	40	39.3	40	40.1	38.1	46.4
20160716	40	39.4	40	40.3	37.8	45.9
20160717	40	39.6	40	40.3	37.8	45.3
20160718	40	39.4	40	40.6	37.4	45.6
20160719	40.1	39.4	40.3	40.3	37.8	45.6
20160720	40.2	39.3	40.7	40.3	37.8	46
20160721	40.2	39.3	40.7	40.4	37.8	46.2
20160722	40.2	39.3	40.7	40.6	37.7	46.4
20160723	40.2	39.3	40.7	40.8	37.3	46.6
20160724	40.2	39.4	40.7	40.8	37.3	46.2
20160725	40.3	39.4	40.9	40.8	37.3	46.4
20160726	40.3	39.3	41	40.7	37.8	46.9
20160727	40.3	39.3	41.2	40.7	37.8	46.8
20160728	40.2	39.4	40.9	40.9	37.4	46.4
20160729	40.2	39.6	40.8	40.9	37.4	46.1
20160730	40.2	39.7	40.9	40.9	37.4	45.8
20160731	40.2	39.8	40.9	40.9	37.4	45.3
20160801	40.2	39.8	41	40.9	37.4	45.2
20160802	40.2	39.6	41.1	40.7	37.9	45.4
20160803	40.1	39.4	41.1	40.7	37.9	45.6
20160804	40.1	39.6	41.1	40.8	37.4	45.2
20160805	40.1	39.7	41.1	40.8	37.4	44.9
20160806	40.1	39.7	41.3	40.8	37.4	44.8
20160807	40	39.7	41.3	40.8	37.4	44.7
20160808	40	39.7	41.3	40.8	37.4	44.6
20160809	40.1	39.6	41.4	40.7	37.6	45.6
20160810	40.2	39.4	41.4	40.6	37.7	46.6
20160811	40.3	39.6	41.6	40.8	37.3	47.2
20160812	40.4	39.4	41.4	40.7	37.7	47.9
20160813	40.6	39.4	41.6	40.6	38.2	47.9
20160814	40.6	39.4	41.4	40.3	38.2	47.9
20160815	40.7	39.4	41.4	40.2	38.8	47.9
20160816	40.7	39.3	41.4	40.1	38.8	48.2
20160817	40.7	39.2	41.4	40.1	38.9	48.4
20160818	40.7	39.3	41.4	40.1	39.3	47.6
20160819	40.7	39.4	41.6	40.1	39.7	46.7
20160820	40.7	39.6	41.4	40	40	45.8
20160821	40.6	39.7	41.3	40	39.8	45.4
20160822	40.6	39.7	41.2	40	39.7	45.6
20160823	40.7	39.6	41.2	40.2	39.8	46.1
20160824	40.6	39.4	41.1	40.2	39.3	46.7
20160825	40.7	39.4	41.1	40.2	39.9	46.8
20160826	40.8	39.6	41.2	40.1	40.3	46.7
20160827	40.8	39.6	41.3	40.1	40.3	46.6
20160828	40.8	39.6	41.2	40.1	40.4	46.4
20160829	40.8	39.4	41.2	40.1	40.4	46.9
20160830	40.8	39.4	41.4	40.1	40.4	46.7
20160831	40.7	39.3	41.4	40.1	40.2	46.9
20160901	40.6	39.3	41.4	40	40.2	46.6
20160902	40.7	39.4	41.4	40	40.7	46.1
20160903	40.7	39.6	41.3	40	40.7	45.8
20160904	40.7	39.6	41.2	40	40.7	45.8
20160905	40.7	39.4	41.1	40	40.7	46.4
20160906	40.7	39.3	41.3	40	40.2	46.7
20160907	40.7	39.3	41.4	40.1	40	46.3
20160908	40.8	39.4	41.3	40.1	40.4	46.1
20160909	40.9	39.4	41.3	40.2	40.3	46.8
20160910	41	39.4	41.3	40.2	40.8	47.4
20160911	41	39.4	41.3	40.2	40.8	47.4
20160912	41	39.3	41.3	40.2	40.8	48.2
20160913	40.9	39.2	41.3	40.3	40.2	48.9
20160914	40.8	39.2	41.3	40.4	39.8	49
20160915	40.8	39.2	41.1	40.4	40.2	49.6
20160916	40.8	39.3	41	40.3	40.6	49.4
20160917	40.8	39.1	41	40.3	40.6	50.2
20160918	40.8	39	41	40.2	41	50.1
20160919	40.7	39.1	41	40.3	40.4	49.3
20160920	40.6	38.9	40.9	40.3	39.9	50.2
20160921	40.4	38.9	40.9	40.3	39.3	50.3
20160922	40.6	38.9	40.9	40.1	39.8	50.4
20160923	40.6	39	40.9	40	39.7	49.8
20160924	40.4	38.9	40.9	40	39.1	49.4
20160925	40.3	38.9	40.9	40	38.6	49.3
20160926	40.3	39	40.9	40	38.4	49.3
20160927	40.3	39	40.9	40	38.4	49.3
20160928	40.4	38.8	40.9	39.9	38.7	50.1
20160929	40.6	38.9	41	39.9	39.2	50
20160930	40.6	39	41.1	39.9	39.2	49.1
20161001	40.6	39.1	41.2	40	39.3	48.3
20161002	40.6	39.1	41.3	40	39.3	48.3
20161003	40.6	39.3	41.4	40	39.3	47.9
20161004	40.7	39.2	41.4	40	39.4	49
20161005	40.7	39.2	41.4	40	39.1	49.2
20161006	40.7	39.3	41.6	40	39	49.4
20161007	40.7	39.4	41.7	40.1	38.9	49.7
20161008	40.7	39.4	41.8	40.2	38.6	49.9
20161009	40.8	39.2	41.8	40.2	39	50.9
20161010	40.8	39	41.8	40.2	38.9	51.9
20161011	40.9	38.8	41.8	40.2	39	52.9
20161012	41	38.6	41.9	40.2	39.2	54
20161013	41	38.6	42	40.2	39.6	53.9
20161014	41	38.6	42.1	40.2	39.4	53.8
20161015	40.9	38.6	42.1	40.2	39	53.7
20161016	40.9	38.6	42.1	40.1	38.9	53.6
20161017	40.8	38.6	42.1	40	38.7	53.4
20161018	40.8	38.7	42.1	40.1	38.2	53.3
20161019	40.8	38.8	42.1	40.2	37.9	53.2
20161020	40.8	38.9	42.1	40.2	38.2	53.1
20161021	40.7	39	42	40.2	38	53
20161022	40.7	39	42	40.2	38.1	53
20161023	40.7	39	42	40.2	38.7	53
20161024	40.8	39	42	40.2	39.2	53
20161025	40.8	39	42	40.3	39.3	53
20161026	40.9	39	41.9	40.4	39.4	53
20161027	40.8	39	41.7	40.4	39.4	53
20161028	40.8	39	41.6	40.4	39.3	53
20161029	40.8	39	41.6	40.6	39.4	53
20161030	40.9	39.1	41.6	40.7	40	52.1
20161031	40.9	39	41.6	40.7	39.6	52.1
20161101	40.8	38.9	41.6	40.7	39.1	51.3
20161102	40.7	38.9	41.4	40.7	38.8	50.6
20161103	40.7	39	41.4	40.6	38.9	49.6
20161104	40.7	39.1	41.6	40.3	39.3	48.6
20161105	40.8	39.2	41.8	40.2	39.9	47.6
20161106	40.8	39.3	41.9	40.1	40.4	46.6
20161107	40.8	39.3	41.9	40	40.4	46.6
20161108	40.8	39.2	41.9	40	40.1	47
20161109	40.8	39.3	41.8	40.1	40.2	46.6
20161110	40.9	39.4	41.7	40.2	40.3	46.9
20161111	41	39.4	41.8	40.2	40.7	47.2
20161112	41	39.3	41.7	40.2	41	47.8
20161113	41	39.2	41.7	40.3	41	48.3
20161114	41	39.1	41.7	40.3	41	48.9
20161115	41	39	41.7	40.3	40.6	49.4
20161116	41	39	41.7	40.3	40.2	49
20161117	41	39	41.7	40.2	40.2	49
20161118	41	39	41.8	40.1	40.6	49
20161119	41	39.1	41.9	40	40.9	48.8
20161120	41	39.1	41.9	40	40.9	48.8
20161121	41	39.2	42	40	40.9	48.3
20161122	41	39.2	42	40.1	40.6	48.9
20161123	41	39.2	42.1	40.1	40.2	49.4
20161124	41	39.2	42.1	40.1	40.6	50
20161125	41	39.2	42.1	40.1	40.9	50.4
20161126	41	39.2	42.1	40.1	41.2	50.9
20161127	41	39.2	42.1	40.1	41.2	51.3
20161128	41	39.1	42.1	40.1	41.2	52
20161129	41	39.1	42.1	40	41.1	52.4
20161130	41	39	42.1	40.1	40.7	53.3
20161201	41	39	42.1	40.1	40.4	53.2
20161202	41	39	42	40.2	40.3	53.1
20161203	41	39	42	40.2	40.3	53
20161204	41	39	42	40.3	40	53
20161205	41	39	41.9	40.3	39.9	53
20161206	40.9	39	41.8	40.4	39.4	53
20161207	40.9	39	41.8	40.6	39	53
20161208	40.9	39	41.7	40.8	38.7	53
20161209	40.9	39	41.7	40.7	39	53
20161210	40.9	39	41.7	40.6	39.6	53
20161211	40.9	39	41.7	40.4	39.9	53
20161212	40.9	39	41.7	40.4	39.9	53
20161213	40.9	39	41.7	40.6	39.8	53
20161214	40.9	39	41.7	40.7	39.6	53
20161215	41	39	41.8	40.6	39.9	53
20161216	41	39	41.8	40.4	40.2	53
20161217	41	39	41.9	40.3	40.6	53
20161218	41	39	41.9	40.3	40.6	53
20161219	41	39	41.9	40.3	40.4	52.8
20161220	41	39	41.9	40.6	40.1	52.6
20161221	41	39	42	40.8	39.8	52.3
20161222	41	39	42	40.8	39.7	52.1
20161223	41	39	42.1	40.9	39.4	51.9
20161224	41	39	42.1	40.9	39.4	51.7
20161225	41	39	42.1	40.9	39.6	51.4
20161226	41	39	42.1	40.9	39.7	51.2
20161227	41	39	42.1	41.1	39.2	51
20161228	40.9	39	41.9	41.3	38.8	51
20161229	40.9	39	41.9	41.3	38.7	51
20161230	40.9	39	41.8	41.1	39.1	51
20161231	40.9	39	41.8	40.9	39.7	51
20170101	40.9	39	41.7	40.9	39.7	51
20170102	40.9	39	41.7	41.1	39.2	51
20170103	40.9	39	41.7	41.3	38.7	51
20170104	40.8	39	41.4	41.4	38.1	51
20170105	40.8	39	41.4	41.3	38.1	51
20170106	40.9	39	41.6	41.1	38.7	51
20170107	40.9	39	41.6	40.9	39.2	51
20170108	40.9	39	41.6	41.1	38.8	51
20170109	40.8	39	41.4	41.3	38.2	51
20170110	40.7	39	41.4	41.3	38.2	51
20170111	40.6	39	41.3	41.3	38.2	51
20170112	40.6	39	41.3	41.3	38.2	51
20170113	40.7	39	41.6	41.4	38.2	51
20170114	40.7	39	41.6	41.6	38.2	51
20170115	40.7	39	41.7	41.8	37.7	51
20170116	40.7	39	41.7	42	37.1	51
20170117	40.7	39	41.7	42	37	50.7
20170118	NA	NA	NA	NA	NA	NA
20170119	NA	NA	NA	NA	NA	NA
20170120	NA	NA	NA	NA	NA	NA
20170121	NA	NA	NA	NA	NA	NA
